orgn;selskap;nettnivaa;komponent;avg_5yr_1000NOK;2021;2022;2023;2024;2025;2026;2027;2028;2029;2030;2031;2032;2033;2034;2035
824368082;VANG ENERGIVERK AS;ld;sf;16981.8;15236.0;22390.0;18037.0;12264.0;17321.4;17875.7;18304.7;18725.7;19081.5;19463.1;19852.4;20249.4;20654.4;21067.5;21488.8
824368082;VANG ENERGIVERK AS;ld;gf;5293.2;1038.0;12596.0;5448.0;2091.0;5399.1;5571.9;5705.6;5836.8;5947.7;6066.7;6188.0;6311.8;6438.0;6566.8;6698.1
824368082;VANG ENERGIVERK AS;rd;sf;0.0;0.0;0.0;0.0;0.0;0.0;0.0;0.0;0.0;0.0;0.0;0.0;0.0;0.0;0.0;0.0
824368082;VANG ENERGIVERK AS;rd;gf;0.0;0.0;0.0;0.0;0.0;0.0;0.0;0.0;0.0;0.0;0.0;0.0;0.0;0.0;0.0;0.0
824701482;NOREFJELL NETT AS;ld;sf;3144.5;3341.0;3735.0;2377.0;3125.0;3207.4;3310.0;3389.5;3467.4;3533.3;3604.0;3676.1;3749.6;3824.6;3901.1;3979.1
824701482;NOREFJELL NETT AS;ld;gf;5570.8;4545.0;5331.0;4037.0;8370.0;5682.2;5864.0;6004.7;6142.8;6259.6;6384.7;6512.4;6642.7;6775.5;6911.1;7049.3
824701482;NOREFJELL NETT AS;rd;sf;0.0;0.0;0.0;0.0;0.0;0.0;0.0;0.0;0.0;0.0;0.0;0.0;0.0;0.0;0.0;0.0
824701482;NOREFJELL NETT AS;rd;gf;0.0;0.0;0.0;0.0;0.0;0.0;0.0;0.0;0.0;0.0;0.0;0.0;0.0;0.0;0.0;0.0
824914982;JÆREN EVERK AS;ld;sf;10754.2;13513.0;7765.0;10413.0;11326.0;10969.3;11320.4;11592.0;11858.7;12084.0;12325.7;12572.2;12823.6;13080.1;13341.7;13608.5
824914982;JÆREN EVERK AS;ld;gf;4438.2;5188.0;4512.0;4182.0;3871.0;4527.0;4671.9;4784.0;4894.0;4987.0;5086.8;5188.5;5292.3;5398.1;5506.1;5616.2
824914982;JÆREN EVERK AS;rd;sf;3308.5;12129.0;937.0;106.0;62.0;3374.7;3482.7;3566.2;3648.3;3717.6;3791.9;3867.8;3945.1;4024.0;4104.5;4186.6
824914982;JÆREN EVERK AS;rd;gf;0.0;0.0;0.0;0.0;0.0;0.0;0.0;0.0;0.0;0.0;0.0;0.0;0.0;0.0;0.0;0.0
882783022;ETNA NETT AS;ld;sf;39181.8;30358.0;22699.0;31124.0;72546.0;39965.4;41244.3;42234.1;43205.5;44026.4;44907.0;45805.1;46721.2;47655.6;48608.7;49580.9
882783022;ETNA NETT AS;ld;gf;6552.0;13442.0;7842.0;2279.0;2645.0;6683.0;6896.9;7062.4;7224.9;7362.1;7509.4;7659.6;7812.8;7969.0;8128.4;8291.0
882783022;ETNA NETT AS;rd;sf;0.0;0.0;0.0;0.0;0.0;0.0;0.0;0.0;0.0;0.0;0.0;0.0;0.0;0.0;0.0;0.0
882783022;ETNA NETT AS;rd;gf;0.0;0.0;0.0;0.0;0.0;0.0;0.0;0.0;0.0;0.0;0.0;0.0;0.0;0.0;0.0;0.0
912631532;LINJA AS;ld;sf;290025.8;276232.0;271825.0;269509.0;342537.0;295826.3;305292.7;312619.7;319810.0;325886.4;332404.1;339052.2;345833.2;352749.9;359804.9;367001.0
912631532;LINJA AS;ld;gf;100101.5;61101.0;76767.0;120746.0;141792.0;102103.5;105370.8;107899.7;110381.4;112478.7;114728.3;117022.8;119363.3;121750.5;124185.6;126669.3
912631532;LINJA AS;rd;sf;410057.2;551343.0;96217.0;436951.0;555718.0;418258.4;431642.7;442002.1;452168.1;460759.3;469974.5;479374.0;488961.5;498740.7;508715.5;518889.8
912631532;LINJA AS;rd;gf;35900.5;54260.0;1912.0;61451.0;25979.0;36618.5;37790.3;38697.3;39587.3;40339.5;41146.3;41969.2;42808.6;43664.7;44538.0;45428.8
913680294;YMBER PRODUKSJON AS;ld;sf;0.0;0.0;0.0;0.0;0.0;0.0;0.0;0.0;0.0;0.0;0.0;0.0;0.0;0.0;0.0;0.0
913680294;YMBER PRODUKSJON AS;ld;gf;0.0;0.0;0.0;0.0;0.0;0.0;0.0;0.0;0.0;0.0;0.0;0.0;0.0;0.0;0.0;0.0
913680294;YMBER PRODUKSJON AS;rd;sf;42.5;3.0;205.0;-38.0;0.0;43.4;44.7;45.8;46.9;47.8;48.7;49.7;50.7;51.7;52.7;53.8
913680294;YMBER PRODUKSJON AS;rd;gf;0.0;0.0;0.0;0.0;0.0;0.0;0.0;0.0;0.0;0.0;0.0;0.0;0.0;0.0;0.0;0.0
914385261;STRAM AS;ld;sf;17882.0;11373.0;15610.0;26196.0;18349.0;18239.6;18823.3;19275.1;19718.4;20093.0;20494.9;20904.8;21322.9;21749.4;22184.3;22628.0
914385261;STRAM AS;ld;gf;26300.5;9190.0;6262.0;44873.0;44877.0;26826.5;27685.0;28349.4;29001.4;29552.5;30143.5;30746.4;31361.3;31988.5;32628.3;33280.9
914385261;STRAM AS;rd;sf;0.0;0.0;0.0;0.0;0.0;0.0;0.0;0.0;0.0;0.0;0.0;0.0;0.0;0.0;0.0;0.0
914385261;STRAM AS;rd;gf;12552.8;0.0;0.0;36779.0;13432.0;12803.8;13213.5;13530.7;13841.9;14104.9;14386.9;14674.7;14968.2;15267.5;15572.9;15884.4
915635857;FAGNE AS;ld;sf;265643.0;245304.0;275293.0;224114.0;317861.0;270955.9;279626.4;286337.5;292923.2;298488.8;304458.6;310547.7;316758.7;323093.9;329555.7;336146.9
915635857;FAGNE AS;ld;gf;62266.5;89466.0;48062.0;56815.0;54723.0;63511.8;65544.2;67117.3;68661.0;69965.5;71364.8;72792.1;74248.0;75732.9;77247.6;78792.5
915635857;FAGNE AS;rd;sf;187924.2;206063.0;28731.0;31064.0;485839.0;191682.7;197816.6;202564.2;207223.2;211160.4;215383.6;219691.3;224085.1;228566.8;233138.1;237800.9
915635857;FAGNE AS;rd;gf;20962.0;994.0;291.0;0.0;82563.0;21381.2;22065.4;22595.0;23114.7;23553.9;24025.0;24505.5;24995.6;25495.5;26005.4;26525.5
915729290;Aktieselskabet Saudefaldene;ld;sf;0.0;0.0;0.0;0.0;0.0;0.0;0.0;0.0;0.0;0.0;0.0;0.0;0.0;0.0;0.0;0.0
915729290;Aktieselskabet Saudefaldene;ld;gf;2050.0;0.0;8200.0;0.0;0.0;2091.0;2157.9;2209.7;2260.5;2303.5;2349.5;2396.5;2444.5;2493.4;2543.2;2594.1
915729290;Aktieselskabet Saudefaldene;rd;sf;3341.5;5772.0;425.0;710.0;6459.0;3408.3;3517.4;3601.8;3684.7;3754.7;3829.8;3906.4;3984.5;4064.2;4145.5;4228.4
915729290;Aktieselskabet Saudefaldene;rd;gf;0.0;0.0;0.0;0.0;0.0;0.0;0.0;0.0;0.0;0.0;0.0;0.0;0.0;0.0;0.0;0.0
916319908;VEVIG AS;ld;sf;46344.5;46115.0;62037.0;42168.0;35058.0;47271.4;48784.1;49954.9;51103.9;52074.8;53116.3;54178.7;55262.2;56367.5;57494.8;58644.7
916319908;VEVIG AS;ld;gf;20624.8;21427.0;24832.0;19109.0;17131.0;21037.2;21710.4;22231.5;22742.8;23174.9;23638.4;24111.2;24593.4;25085.3;25587.0;26098.7
916319908;VEVIG AS;rd;sf;18932.5;2406.0;62025.0;5184.0;6115.0;19311.2;19929.1;20407.4;20876.8;21273.4;21698.9;22132.9;22575.5;23027.0;23487.6;23957.3
916319908;VEVIG AS;rd;gf;0.0;0.0;0.0;0.0;0.0;0.0;0.0;0.0;0.0;0.0;0.0;0.0;0.0;0.0;0.0;0.0
916574894;SØR-NORGE ALUMINIUM AS;ld;sf;-0.2;0.0;-1.0;0.0;0.0;-0.3;-0.3;-0.3;-0.3;-0.3;-0.3;-0.3;-0.3;-0.3;-0.3;-0.3
916574894;SØR-NORGE ALUMINIUM AS;ld;gf;0.0;0.0;0.0;0.0;0.0;0.0;0.0;0.0;0.0;0.0;0.0;0.0;0.0;0.0;0.0;0.0
916574894;SØR-NORGE ALUMINIUM AS;rd;sf;0.0;0.0;0.0;0.0;0.0;0.0;0.0;0.0;0.0;0.0;0.0;0.0;0.0;0.0;0.0;0.0
916574894;SØR-NORGE ALUMINIUM AS;rd;gf;0.0;0.0;0.0;0.0;0.0;0.0;0.0;0.0;0.0;0.0;0.0;0.0;0.0;0.0;0.0;0.0
916763476;TINFOS AS;ld;sf;108.5;9.0;1.0;394.0;30.0;110.7;114.2;117.0;119.6;121.9;124.4;126.8;129.4;132.0;134.6;137.3
916763476;TINFOS AS;ld;gf;0.0;0.0;0.0;0.0;0.0;0.0;0.0;0.0;0.0;0.0;0.0;0.0;0.0;0.0;0.0;0.0
916763476;TINFOS AS;rd;sf;0.0;0.0;0.0;0.0;0.0;0.0;0.0;0.0;0.0;0.0;0.0;0.0;0.0;0.0;0.0;0.0
916763476;TINFOS AS;rd;gf;0.0;0.0;0.0;0.0;0.0;0.0;0.0;0.0;0.0;0.0;0.0;0.0;0.0;0.0;0.0;0.0
917424799;LINEA AS;ld;sf;94597.8;54090.0;123995.0;86791.0;113515.0;96489.7;99577.4;101967.2;104312.5;106294.4;108420.3;110588.7;112800.5;115056.5;117357.6;119704.8
917424799;LINEA AS;ld;gf;33389.8;34926.0;31538.0;29443.0;37652.0;34057.5;35147.4;35990.9;36818.7;37518.3;38268.6;39034.0;39814.7;40611.0;41423.2;42251.7
917424799;LINEA AS;rd;sf;34385.5;16859.0;77543.0;20084.0;23056.0;35073.2;36195.6;37064.2;37916.7;38637.1;39409.9;40198.1;41002.0;41822.1;42658.5;43511.7
917424799;LINEA AS;rd;gf;5867.0;7268.0;12960.0;3240.0;0.0;5984.3;6175.8;6324.1;6469.5;6592.4;6724.3;6858.8;6995.9;7135.9;7278.6;7424.2
917537534;HYDRO ALUMINIUM AS;ld;sf;5011.8;645.0;2663.0;8108.0;8631.0;5112.0;5275.6;5402.2;5526.4;5631.4;5744.1;5858.9;5976.1;6095.6;6217.6;6341.9
917537534;HYDRO ALUMINIUM AS;ld;gf;0.0;0.0;0.0;0.0;0.0;0.0;0.0;0.0;0.0;0.0;0.0;0.0;0.0;0.0;0.0;0.0
917537534;HYDRO ALUMINIUM AS;rd;sf;0.0;0.0;0.0;0.0;0.0;0.0;0.0;0.0;0.0;0.0;0.0;0.0;0.0;0.0;0.0;0.0
917537534;HYDRO ALUMINIUM AS;rd;gf;0.0;0.0;0.0;0.0;0.0;0.0;0.0;0.0;0.0;0.0;0.0;0.0;0.0;0.0;0.0;0.0
917743193;ASKER NETT AS;ld;sf;7721.0;8580.0;6055.0;5666.0;10583.0;7875.4;8127.4;8322.5;8513.9;8675.7;8849.2;9026.2;9206.7;9390.8;9578.6;9770.2
917743193;ASKER NETT AS;ld;gf;2433.5;1938.0;2278.0;2410.0;3108.0;2482.2;2561.6;2623.1;2683.4;2734.4;2789.1;2844.9;2901.8;2959.8;3019.0;3079.4
917743193;ASKER NETT AS;rd;sf;0.0;0.0;0.0;0.0;0.0;0.0;0.0;0.0;0.0;0.0;0.0;0.0;0.0;0.0;0.0;0.0
917743193;ASKER NETT AS;rd;gf;0.0;0.0;0.0;0.0;0.0;0.0;0.0;0.0;0.0;0.0;0.0;0.0;0.0;0.0;0.0;0.0
917856222;MIDTNETT AS;ld;sf;43404.0;32812.0;37367.0;54945.0;48492.0;44272.1;45688.8;46785.3;47861.4;48770.7;49746.2;50741.1;51755.9;52791.0;53846.8;54923.8
917856222;MIDTNETT AS;ld;gf;15514.5;17595.0;18907.0;19294.0;6262.0;15824.8;16331.2;16723.1;17107.8;17432.8;17781.5;18137.1;18499.8;18869.8;19247.2;19632.2
917856222;MIDTNETT AS;rd;sf;979.8;171.0;522.0;1052.0;2174.0;999.3;1031.3;1056.1;1080.4;1100.9;1122.9;1145.4;1168.3;1191.6;1215.5;1239.8
917856222;MIDTNETT AS;rd;gf;0.0;0.0;0.0;0.0;0.0;0.0;0.0;0.0;0.0;0.0;0.0;0.0;0.0;0.0;0.0;0.0
917983550;NORANETT HADSEL AS;ld;sf;20783.2;41847.0;20571.0;28863.0;-8148.0;21198.9;21877.3;22402.3;22917.6;23353.0;23820.1;24296.5;24782.4;25278.1;25783.6;26299.3
917983550;NORANETT HADSEL AS;ld;gf;7258.2;4599.0;16860.0;4509.0;3065.0;7403.4;7640.3;7823.7;8003.6;8155.7;8318.8;8485.2;8654.9;8828.0;9004.6;9184.6
917983550;NORANETT HADSEL AS;rd;sf;14987.8;61852.0;2717.0;1712.0;-6330.0;15287.5;15776.7;16155.3;16526.9;16840.9;17177.7;17521.3;17871.7;18229.2;18593.7;18965.6
917983550;NORANETT HADSEL AS;rd;gf;0.0;0.0;0.0;0.0;0.0;0.0;0.0;0.0;0.0;0.0;0.0;0.0;0.0;0.0;0.0;0.0
918312730;ENIDA AS;ld;sf;27353.2;12143.0;16699.0;26811.0;53760.0;27900.3;28793.1;29484.2;30162.3;30735.4;31350.1;31977.1;32616.6;33269.0;33934.3;34613.0
918312730;ENIDA AS;ld;gf;7583.0;1602.0;3584.0;13486.0;11660.0;7734.7;7982.2;8173.7;8361.7;8520.6;8691.0;8864.8;9042.1;9223.0;9407.4;9595.6
918312730;ENIDA AS;rd;sf;13112.8;10322.0;8061.0;-2678.0;36746.0;13375.0;13803.0;14134.3;14459.4;14734.1;15028.8;15329.4;15635.9;15948.7;16267.6;16593.0
918312730;ENIDA AS;rd;gf;1706.0;854.0;-833.0;6718.0;85.0;1740.1;1795.8;1838.9;1881.2;1916.9;1955.3;1994.4;2034.3;2075.0;2116.5;2158.8
918999361;TENDRANETT AS;ld;sf;27663.8;19706.0;12700.0;33979.0;44270.0;28217.0;29120.0;29818.8;30504.7;31084.3;31706.0;32340.1;32986.9;33646.6;34319.5;35005.9
918999361;TENDRANETT AS;ld;gf;7559.8;2214.0;2591.0;4351.0;21083.0;7710.9;7957.7;8148.7;8336.1;8494.5;8664.4;8837.7;9014.4;9194.7;9378.6;9566.2
918999361;TENDRANETT AS;rd;sf;13498.5;44900.0;1431.0;3873.0;3790.0;13768.5;14209.1;14550.1;14884.7;15167.5;15470.9;15780.3;16095.9;16417.8;16746.2;17081.1
918999361;TENDRANETT AS;rd;gf;82.2;0.0;0.0;329.0;0.0;83.9;86.6;88.7;90.7;92.4;94.3;96.2;98.1;100.0;102.0;104.1
919173122;MELØY ENERGI AS;ld;sf;11204.0;4672.0;4463.0;14603.0;21078.0;11428.1;11793.8;12076.8;12354.6;12589.3;12841.1;13097.9;13359.9;13627.1;13899.6;14177.6
919173122;MELØY ENERGI AS;ld;gf;4905.0;3314.0;4545.0;2566.0;9195.0;5003.1;5163.2;5287.1;5408.7;5511.5;5621.7;5734.1;5848.8;5965.8;6085.1;6206.8
919173122;MELØY ENERGI AS;rd;sf;-1.8;0.0;-7.0;0.0;0.0;-1.8;-1.8;-1.9;-1.9;-2.0;-2.0;-2.0;-2.1;-2.1;-2.2;-2.2
919173122;MELØY ENERGI AS;rd;gf;0.0;0.0;0.0;0.0;0.0;0.0;0.0;0.0;0.0;0.0;0.0;0.0;0.0;0.0;0.0;0.0
919415096;INDRE HORDALAND KRAFTNETT AS;ld;sf;8889.2;9954.0;10118.0;7530.0;7955.0;9067.0;9357.2;9581.8;9802.1;9988.4;10188.1;10391.9;10599.7;10811.7;11028.0;11248.5
919415096;INDRE HORDALAND KRAFTNETT AS;ld;gf;4867.5;1826.0;4290.0;8150.0;5204.0;4964.9;5123.7;5246.7;5367.4;5469.3;5578.7;5690.3;5804.1;5920.2;6038.6;6159.4
919415096;INDRE HORDALAND KRAFTNETT AS;rd;sf;12762.0;48929.0;1347.0;101.0;671.0;13017.2;13433.8;13756.2;14072.6;14340.0;14626.8;14919.3;15217.7;15522.0;15832.5;16149.1
919415096;INDRE HORDALAND KRAFTNETT AS;rd;gf;37.5;150.0;0.0;0.0;0.0;38.2;39.5;40.4;41.4;42.1;43.0;43.8;44.7;45.6;46.5;47.5
919884452;RØROS E-VERK NETT AS;ld;sf;10965.5;6078.0;8051.0;17635.0;12098.0;11184.8;11542.7;11819.7;12091.6;12321.3;12567.8;12819.1;13075.5;13337.0;13603.8;13875.8
919884452;RØROS E-VERK NETT AS;ld;gf;4402.5;3745.0;3197.0;3490.0;7178.0;4490.6;4634.2;4745.5;4854.6;4946.9;5045.8;5146.7;5249.6;5354.6;5461.7;5571.0
919884452;RØROS E-VERK NETT AS;rd;sf;1796.5;2572.0;0.0;0.0;4614.0;1832.4;1891.1;1936.5;1981.0;2018.6;2059.0;2100.2;2142.2;2185.0;2228.7;2273.3
919884452;RØROS E-VERK NETT AS;rd;gf;0.0;0.0;0.0;0.0;0.0;0.0;0.0;0.0;0.0;0.0;0.0;0.0;0.0;0.0;0.0;0.0
920295975;SKIAKERNETT AS (Inaktiv i brreg);ld;sf;3427.2;2504.0;3181.0;8516.0;-492.0;3495.8;3607.7;3694.2;3779.2;3851.0;3928.0;4006.6;4086.7;4168.5;4251.8;4336.9
920295975;SKIAKERNETT AS (Inaktiv i brreg);ld;gf;2899.5;4657.0;701.0;3055.0;3185.0;2957.5;3052.1;3125.4;3197.3;3258.0;3323.2;3389.6;3457.4;3526.6;3597.1;3669.1
920295975;SKIAKERNETT AS (Inaktiv i brreg);rd;sf;0.0;0.0;0.0;0.0;0.0;0.0;0.0;0.0;0.0;0.0;0.0;0.0;0.0;0.0;0.0;0.0
920295975;SKIAKERNETT AS (Inaktiv i brreg);rd;gf;0.0;0.0;0.0;0.0;0.0;0.0;0.0;0.0;0.0;0.0;0.0;0.0;0.0;0.0;0.0;0.0
921025610;SVABO INDUSTRINETT AS;ld;sf;5757.2;-3024.0;6937.0;2897.0;16219.0;5872.4;6060.3;6205.8;6348.5;6469.1;6598.5;6730.5;6865.1;7002.4;7142.4;7285.3
921025610;SVABO INDUSTRINETT AS;ld;gf;-0.2;0.0;0.0;-1.0;0.0;-0.3;-0.3;-0.3;-0.3;-0.3;-0.3;-0.3;-0.3;-0.3;-0.3;-0.3
921025610;SVABO INDUSTRINETT AS;rd;sf;5994.0;6473.0;19099.0;-19833.0;18237.0;6113.9;6309.5;6461.0;6609.6;6735.1;6869.8;7007.2;7147.4;7290.3;7436.1;7584.9
921025610;SVABO INDUSTRINETT AS;rd;gf;8311.2;0.0;0.0;33245.0;0.0;8477.5;8748.8;8958.7;9164.8;9338.9;9525.7;9716.2;9910.5;10108.7;10310.9;10517.1
921680554;NORANETT ANDØY AS;ld;sf;9488.5;6967.0;4927.0;21097.0;4963.0;9678.3;9988.0;10227.7;10462.9;10661.7;10875.0;11092.5;11314.3;11540.6;11771.4;12006.8
921680554;NORANETT ANDØY AS;ld;gf;1417.2;2571.0;1260.0;1061.0;777.0;1445.6;1491.9;1527.7;1562.8;1592.5;1624.3;1656.8;1690.0;1723.8;1758.2;1793.4
921680554;NORANETT ANDØY AS;rd;sf;4884.2;2494.0;2386.0;7704.0;6953.0;4981.9;5141.4;5264.7;5385.8;5488.2;5597.9;5709.9;5824.1;5940.6;6059.4;6180.6
921680554;NORANETT ANDØY AS;rd;gf;0.0;0.0;0.0;0.0;0.0;0.0;0.0;0.0;0.0;0.0;0.0;0.0;0.0;0.0;0.0;0.0
921683057;VISSI AS;ld;sf;17207.5;10349.0;13421.0;10329.0;34731.0;17551.7;18113.3;18548.0;18974.6;19335.1;19721.8;20116.3;20518.6;20929.0;21347.6;21774.5
921683057;VISSI AS;ld;gf;8882.8;4540.0;5379.0;8467.0;17145.0;9060.4;9350.3;9574.7;9795.0;9981.1;10180.7;10384.3;10592.0;10803.8;11019.9;11240.3
921683057;VISSI AS;rd;sf;2769.0;1870.0;2171.0;4978.0;2057.0;2824.4;2914.8;2984.7;3053.4;3111.4;3173.6;3237.1;3301.8;3367.9;3435.2;3503.9
921683057;VISSI AS;rd;gf;0.0;0.0;0.0;0.0;0.0;0.0;0.0;0.0;0.0;0.0;0.0;0.0;0.0;0.0;0.0;0.0
921688679;NETTSELSKAPET AS;ld;sf;49137.0;34873.0;47872.0;69409.0;44394.0;50119.7;51723.6;52964.9;54183.1;55212.6;56316.9;57443.2;58592.1;59763.9;60959.2;62178.4
921688679;NETTSELSKAPET AS;ld;gf;17072.8;27385.0;2392.0;17808.0;20706.0;17414.2;17971.5;18402.8;18826.0;19183.7;19567.4;19958.8;20357.9;20765.1;21180.4;21604.0
921688679;NETTSELSKAPET AS;rd;sf;0.0;0.0;0.0;0.0;0.0;0.0;0.0;0.0;0.0;0.0;0.0;0.0;0.0;0.0;0.0;0.0
921688679;NETTSELSKAPET AS;rd;gf;0.0;0.0;0.0;0.0;0.0;0.0;0.0;0.0;0.0;0.0;0.0;0.0;0.0;0.0;0.0;0.0
922694435;STRAUMNETT AS;ld;sf;9041.2;5003.0;10266.0;10706.0;10190.0;9222.1;9517.2;9745.6;9969.7;10159.2;10362.4;10569.6;10781.0;10996.6;11216.5;11440.9
922694435;STRAUMNETT AS;ld;gf;2535.0;2933.0;2792.0;3005.0;1410.0;2585.7;2668.4;2732.5;2795.3;2848.4;2905.4;2963.5;3022.8;3083.2;3144.9;3207.8
922694435;STRAUMNETT AS;rd;sf;0.2;0.0;1.0;0.0;0.0;0.3;0.3;0.3;0.3;0.3;0.3;0.3;0.3;0.3;0.3;0.3
922694435;STRAUMNETT AS;rd;gf;0.0;0.0;0.0;0.0;0.0;0.0;0.0;0.0;0.0;0.0;0.0;0.0;0.0;0.0;0.0;0.0
923152601;KYSTNETT AS;ld;sf;15395.5;20610.0;7894.0;9280.0;23798.0;15703.4;16205.9;16594.9;16976.5;17299.1;17645.1;17998.0;18357.9;18725.1;19099.6;19481.6
923152601;KYSTNETT AS;ld;gf;19290.2;16445.0;32854.0;11502.0;16360.0;19676.1;20305.7;20793.0;21271.3;21675.4;22108.9;22551.1;23002.1;23462.2;23931.4;24410.0
923152601;KYSTNETT AS;rd;sf;8794.8;9848.0;7222.0;10241.0;7868.0;8970.6;9257.7;9479.9;9697.9;9882.2;10079.8;10281.4;10487.1;10696.8;10910.7;11128.9
923152601;KYSTNETT AS;rd;gf;51383.2;8473.0;67271.0;104475.0;25314.0;52410.9;54088.1;55386.2;56660.1;57736.6;58891.3;60069.2;61270.5;62496.0;63745.9;65020.8
923354204;FJELLNETT AS;ld;sf;30926.5;18137.0;33349.0;33800.0;38420.0;31545.0;32554.5;33335.8;34102.5;34750.4;35445.5;36154.4;36877.5;37615.0;38367.3;39134.6
923354204;FJELLNETT AS;ld;gf;10898.5;9676.0;10937.0;11241.0;11740.0;11116.5;11472.2;11747.5;12017.7;12246.1;12491.0;12740.8;12995.6;13255.5;13520.6;13791.1
923354204;FJELLNETT AS;rd;sf;8569.5;4900.0;19613.0;6356.0;3409.0;8740.9;9020.6;9237.1;9449.5;9629.1;9821.7;10018.1;10218.5;10422.8;10631.3;10843.9
923354204;FJELLNETT AS;rd;gf;144.2;0.0;577.0;0.0;0.0;147.1;151.8;155.5;159.1;162.1;165.3;168.6;172.0;175.4;179.0;182.5
923436596;KLIVE AS;ld;sf;38424.8;17313.0;35552.0;42679.0;58155.0;39193.2;40447.4;41418.2;42370.8;43175.8;44039.3;44920.1;45818.5;46734.9;47669.6;48623.0
923436596;KLIVE AS;ld;gf;11894.0;18373.0;19975.0;3532.0;5696.0;12131.9;12520.1;12820.6;13115.5;13364.6;13631.9;13904.6;14182.7;14466.3;14755.7;15050.8
923436596;KLIVE AS;rd;sf;0.0;0.0;0.0;0.0;0.0;0.0;0.0;0.0;0.0;0.0;0.0;0.0;0.0;0.0;0.0;0.0
923436596;KLIVE AS;rd;gf;0.0;0.0;0.0;0.0;0.0;0.0;0.0;0.0;0.0;0.0;0.0;0.0;0.0;0.0;0.0;0.0
923488960;HØLAND OG SETSKOG ELVERK AS;ld;sf;8874.8;7547.0;6232.0;10874.0;10846.0;9052.2;9341.9;9566.1;9786.1;9972.1;10171.5;10375.0;10582.5;10794.1;11010.0;11230.2
923488960;HØLAND OG SETSKOG ELVERK AS;ld;gf;4287.8;3766.0;4792.0;5380.0;3213.0;4373.5;4513.5;4621.8;4728.1;4817.9;4914.3;5012.6;5112.8;5215.1;5319.4;5425.8
923488960;HØLAND OG SETSKOG ELVERK AS;rd;sf;0.0;0.0;0.0;0.0;0.0;0.0;0.0;0.0;0.0;0.0;0.0;0.0;0.0;0.0;0.0;0.0
923488960;HØLAND OG SETSKOG ELVERK AS;rd;gf;0.0;0.0;0.0;0.0;0.0;0.0;0.0;0.0;0.0;0.0;0.0;0.0;0.0;0.0;0.0;0.0
923789324;HARINGNETT AS;ld;sf;20326.2;11717.0;18113.0;34493.0;16982.0;20732.8;21396.2;21909.7;22413.7;22839.5;23296.3;23762.2;24237.5;24722.2;25216.7;25721.0
923789324;HARINGNETT AS;ld;gf;3556.8;3049.0;5564.0;3544.0;2070.0;3627.9;3744.0;3833.8;3922.0;3996.5;4076.5;4158.0;4241.1;4326.0;4412.5;4500.7
923789324;HARINGNETT AS;rd;sf;0.0;0.0;0.0;0.0;0.0;0.0;0.0;0.0;0.0;0.0;0.0;0.0;0.0;0.0;0.0;0.0
923789324;HARINGNETT AS;rd;gf;0.0;0.0;0.0;0.0;0.0;0.0;0.0;0.0;0.0;0.0;0.0;0.0;0.0;0.0;0.0;0.0
923819177;S-NETT AS;ld;sf;14279.5;11356.0;16692.0;16222.0;12848.0;14565.1;15031.2;15391.9;15745.9;16045.1;16366.0;16693.3;17027.2;17367.7;17715.1;18069.4
923819177;S-NETT AS;ld;gf;4907.2;8267.0;2784.0;3291.0;5287.0;5005.4;5165.6;5289.5;5411.2;5514.0;5624.3;5736.8;5851.5;5968.5;6087.9;6209.7
923819177;S-NETT AS;rd;sf;1042.2;0.0;654.0;112.0;3403.0;1063.1;1097.1;1123.4;1149.3;1171.1;1194.5;1218.4;1242.8;1267.7;1293.0;1318.9
923819177;S-NETT AS;rd;gf;0.0;0.0;0.0;0.0;0.0;0.0;0.0;0.0;0.0;0.0;0.0;0.0;0.0;0.0;0.0;0.0
923833706;LYSNA AS;ld;sf;6647.5;7530.0;6795.0;9495.0;2770.0;6780.4;6997.4;7165.4;7330.2;7469.4;7618.8;7771.2;7926.6;8085.2;8246.9;8411.8
923833706;LYSNA AS;ld;gf;2593.8;4224.0;1876.0;387.0;3888.0;2645.6;2730.3;2795.8;2860.1;2914.5;2972.7;3032.2;3092.8;3154.7;3217.8;3282.2
923833706;LYSNA AS;rd;sf;0.0;0.0;0.0;0.0;0.0;0.0;0.0;0.0;0.0;0.0;0.0;0.0;0.0;0.0;0.0;0.0
923833706;LYSNA AS;rd;gf;0.0;0.0;0.0;0.0;0.0;0.0;0.0;0.0;0.0;0.0;0.0;0.0;0.0;0.0;0.0;0.0
923934138;BØMLO KRAFTNETT AS;ld;sf;12533.8;9240.0;7465.0;17454.0;15976.0;12784.4;13193.5;13510.2;13820.9;14083.5;14365.2;14652.5;14945.5;15244.4;15549.3;15860.3
923934138;BØMLO KRAFTNETT AS;ld;gf;4355.5;3055.0;4651.0;3859.0;5857.0;4442.6;4584.8;4694.8;4802.8;4894.0;4991.9;5091.8;5193.6;5297.5;5403.4;5511.5
923934138;BØMLO KRAFTNETT AS;rd;sf;1.5;0.0;1.0;5.0;0.0;1.5;1.6;1.6;1.7;1.7;1.7;1.8;1.8;1.8;1.9;1.9
923934138;BØMLO KRAFTNETT AS;rd;gf;0.0;0.0;0.0;0.0;0.0;0.0;0.0;0.0;0.0;0.0;0.0;0.0;0.0;0.0;0.0;0.0
923993355;AREA NETT AS;ld;sf;33644.0;32375.0;32938.0;27600.0;41663.0;34316.9;35415.0;36265.0;37099.1;37804.0;38560.0;39331.2;40117.9;40920.2;41738.6;42573.4
923993355;AREA NETT AS;ld;gf;9245.5;16512.0;8940.0;5648.0;5882.0;9430.4;9732.2;9965.8;10195.0;10388.7;10596.4;10808.4;11024.5;11245.0;11469.9;11699.3
923993355;AREA NETT AS;rd;sf;18267.0;13627.0;11636.0;32288.0;15517.0;18632.3;19228.6;19690.1;20142.9;20525.6;20936.2;21354.9;21782.0;22217.6;22662.0;23115.2
923993355;AREA NETT AS;rd;gf;238.0;952.0;0.0;0.0;0.0;242.8;250.5;256.5;262.4;267.4;272.8;278.2;283.8;289.5;295.3;301.2
924004150;HAVNETT AS;ld;sf;8693.5;7232.0;13684.0;7335.0;6523.0;8867.4;9151.1;9370.8;9586.3;9768.4;9963.8;10163.1;10366.3;10573.7;10785.1;11000.8
924004150;HAVNETT AS;ld;gf;5870.0;2513.0;6999.0;2928.0;11040.0;5987.4;6179.0;6327.3;6472.8;6595.8;6727.7;6862.3;6999.5;7139.5;7282.3;7427.9
924004150;HAVNETT AS;rd;sf;0.0;0.0;0.0;0.0;0.0;0.0;0.0;0.0;0.0;0.0;0.0;0.0;0.0;0.0;0.0;0.0
924004150;HAVNETT AS;rd;gf;0.0;0.0;0.0;0.0;0.0;0.0;0.0;0.0;0.0;0.0;0.0;0.0;0.0;0.0;0.0;0.0
924330678;NETERA AS;ld;sf;7398.5;8630.0;6333.0;7891.0;6740.0;7546.5;7788.0;7974.9;8158.3;8313.3;8479.6;8649.2;8822.1;8998.6;9178.6;9362.1
924330678;NETERA AS;ld;gf;2884.8;1781.0;1440.0;4248.0;4070.0;2942.4;3036.6;3109.5;3181.0;3241.4;3306.3;3372.4;3439.8;3508.6;3578.8;3650.4
924330678;NETERA AS;rd;sf;177.8;207.0;60.0;42.0;402.0;181.3;187.1;191.6;196.0;199.7;203.7;207.8;212.0;216.2;220.5;224.9
924330678;NETERA AS;rd;gf;0.0;0.0;0.0;0.0;0.0;0.0;0.0;0.0;0.0;0.0;0.0;0.0;0.0;0.0;0.0;0.0
924527994;BREHEIM NETT AS;ld;sf;6673.0;1540.0;4171.0;13245.0;7736.0;6806.5;7024.3;7192.8;7358.3;7498.1;7648.1;7801.0;7957.0;8116.2;8278.5;8444.1
924527994;BREHEIM NETT AS;ld;gf;7223.8;961.0;2090.0;9315.0;16529.0;7368.2;7604.0;7786.5;7965.6;8116.9;8279.3;8444.9;8613.8;8786.0;8961.8;9141.0
924527994;BREHEIM NETT AS;rd;sf;23.2;0.0;0.0;0.0;93.0;23.7;24.5;25.1;25.6;26.1;26.6;27.2;27.7;28.3;28.8;29.4
924527994;BREHEIM NETT AS;rd;gf;509.0;0.0;0.0;0.0;2036.0;519.2;535.8;548.7;561.3;571.9;583.4;595.0;606.9;619.1;631.5;644.1
924619260;SYGNIR AS;ld;sf;60372.0;42207.0;56637.0;87032.0;55612.0;61579.4;63550.0;65075.2;66571.9;67836.8;69193.5;70577.4;71988.9;73428.7;74897.3;76395.2
924619260;SYGNIR AS;ld;gf;11990.2;5137.0;5597.0;25882.0;11345.0;12230.1;12621.4;12924.3;13221.6;13472.8;13742.3;14017.1;14297.4;14583.4;14875.1;15172.6
924619260;SYGNIR AS;rd;sf;62125.8;77773.0;73376.0;67724.0;29630.0;63368.3;65396.0;66965.6;68505.8;69807.4;71203.5;72627.6;74080.1;75561.7;77073.0;78614.4
924619260;SYGNIR AS;rd;gf;11550.8;23879.0;22295.0;29.0;0.0;11781.8;12158.8;12450.6;12737.0;12979.0;13238.5;13503.3;13773.4;14048.8;14329.8;14616.4
924862602;DE NETT AS;ld;sf;6765.8;2724.0;3679.0;1350.0;19310.0;6901.1;7121.9;7292.8;7460.6;7602.3;7754.4;7909.4;8067.6;8229.0;8393.6;8561.4
924862602;DE NETT AS;ld;gf;1917.2;2306.0;894.0;1196.0;3273.0;1955.6;2018.2;2066.6;2114.1;2154.3;2197.4;2241.3;2286.2;2331.9;2378.5;2426.1
924862602;DE NETT AS;rd;sf;424.0;1673.0;0.0;0.0;23.0;432.5;446.3;457.0;467.5;476.4;486.0;495.7;505.6;515.7;526.0;536.5
924862602;DE NETT AS;rd;gf;0.0;0.0;0.0;0.0;0.0;0.0;0.0;0.0;0.0;0.0;0.0;0.0;0.0;0.0;0.0;0.0
924940379;STANNUM AS;ld;sf;3605.2;-24118.0;15936.0;15510.0;7093.0;3677.4;3795.0;3886.1;3975.5;4051.0;4132.0;4214.7;4299.0;4385.0;4472.7;4562.1
924940379;STANNUM AS;ld;gf;6745.0;4248.0;6015.0;1185.0;15532.0;6879.9;7100.1;7270.5;7437.7;7579.0;7730.6;7885.2;8042.9;8203.7;8367.8;8535.2
924940379;STANNUM AS;rd;sf;8639.5;32640.0;0.0;979.0;939.0;8812.3;9094.3;9312.5;9526.7;9707.7;9901.9;10099.9;10301.9;10508.0;10718.1;10932.5
924940379;STANNUM AS;rd;gf;1029.5;0.0;0.0;0.0;4118.0;1050.1;1083.7;1109.7;1135.2;1156.8;1179.9;1203.5;1227.6;1252.2;1277.2;1302.7
925017809;RK NETT AS;ld;sf;4946.5;-1421.0;6789.0;6141.0;8277.0;5045.4;5206.9;5331.8;5454.5;5558.1;5669.3;5782.7;5898.3;6016.3;6136.6;6259.3
925017809;RK NETT AS;ld;gf;6367.5;5932.0;7582.0;6543.0;5413.0;6494.9;6702.7;6863.5;7021.4;7154.8;7297.9;7443.9;7592.8;7744.6;7899.5;8057.5
925017809;RK NETT AS;rd;sf;515.0;-16.0;1885.0;50.0;141.0;525.3;542.1;555.1;567.9;578.7;590.3;602.1;614.1;626.4;638.9;651.7
925017809;RK NETT AS;rd;gf;0.0;0.0;0.0;0.0;0.0;0.0;0.0;0.0;0.0;0.0;0.0;0.0;0.0;0.0;0.0;0.0
925067911;R-NETT AS;ld;sf;3673.5;2184.0;7151.0;1465.0;3894.0;3747.0;3866.9;3959.7;4050.8;4127.7;4210.3;4294.5;4380.4;4468.0;4557.3;4648.5
925067911;R-NETT AS;ld;gf;4813.0;2166.0;14238.0;619.0;2229.0;4909.3;5066.4;5187.9;5307.3;5408.1;5516.3;5626.6;5739.1;5853.9;5971.0;6090.4
925067911;R-NETT AS;rd;sf;0.0;0.0;0.0;0.0;0.0;0.0;0.0;0.0;0.0;0.0;0.0;0.0;0.0;0.0;0.0;0.0
925067911;R-NETT AS;rd;gf;0.0;0.0;0.0;0.0;0.0;0.0;0.0;0.0;0.0;0.0;0.0;0.0;0.0;0.0;0.0;0.0
925336637;ALUT AS;ld;sf;23278.0;-15468.0;18092.0;40152.0;50336.0;23743.6;24503.4;25091.4;25668.5;26156.2;26679.4;27213.0;27757.2;28312.4;28878.6;29456.2
925336637;ALUT AS;ld;gf;8499.0;7588.0;7696.0;10247.0;8465.0;8669.0;8946.4;9161.1;9371.8;9549.9;9740.9;9935.7;10134.4;10337.1;10543.8;10754.7
925336637;ALUT AS;rd;sf;-193.2;-778.0;-1.0;6.0;0.0;-197.1;-203.4;-208.3;-213.1;-217.1;-221.5;-225.9;-230.4;-235.0;-239.7;-244.5
925336637;ALUT AS;rd;gf;0.0;0.0;0.0;0.0;0.0;0.0;0.0;0.0;0.0;0.0;0.0;0.0;0.0;0.0;0.0;0.0
925354813;STRAUMEN NETT AS;ld;sf;5921.5;4330.0;6731.0;6722.0;5903.0;6039.9;6233.2;6382.8;6529.6;6653.7;6786.7;6922.5;7060.9;7202.1;7346.2;7493.1
925354813;STRAUMEN NETT AS;ld;gf;2513.5;2164.0;494.0;5283.0;2113.0;2563.8;2645.8;2709.3;2771.6;2824.3;2880.8;2938.4;2997.2;3057.1;3118.2;3180.6
925354813;STRAUMEN NETT AS;rd;sf;12.2;0.0;0.0;0.0;49.0;12.5;12.9;13.2;13.5;13.8;14.0;14.3;14.6;14.9;15.2;15.5
925354813;STRAUMEN NETT AS;rd;gf;0.0;0.0;0.0;0.0;0.0;0.0;0.0;0.0;0.0;0.0;0.0;0.0;0.0;0.0;0.0;0.0
925549738;FØRE AS;ld;sf;23857.8;19639.0;25529.0;19923.0;30340.0;24334.9;25113.6;25716.3;26307.8;26807.7;27343.8;27890.7;28448.5;29017.5;29597.8;30189.8
925549738;FØRE AS;ld;gf;3040.5;2408.0;1779.0;2786.0;5189.0;3101.3;3200.6;3277.4;3352.7;3416.4;3484.8;3554.5;3625.6;3698.1;3772.0;3847.5
925549738;FØRE AS;rd;sf;-1205.2;250.0;40.0;-5111.0;0.0;-1229.4;-1268.7;-1299.1;-1329.0;-1354.3;-1381.4;-1409.0;-1437.2;-1465.9;-1495.2;-1525.1
925549738;FØRE AS;rd;gf;0.0;0.0;0.0;0.0;0.0;0.0;0.0;0.0;0.0;0.0;0.0;0.0;0.0;0.0;0.0;0.0
925668389;MELLOM AS;ld;sf;46589.2;35446.0;65674.0;37161.0;48076.0;47521.0;49041.7;50218.7;51373.7;52349.8;53396.8;54464.8;55554.1;56665.2;57798.5;58954.4
925668389;MELLOM AS;ld;gf;30118.0;27988.0;44709.0;26618.0;21157.0;30720.4;31703.4;32464.3;33211.0;33842.0;34518.8;35209.2;35913.4;36631.6;37364.3;38111.6
925668389;MELLOM AS;rd;sf;42518.8;-709.0;13220.0;6485.0;151079.0;43369.1;44756.9;45831.1;46885.2;47776.0;48731.6;49706.2;50700.3;51714.3;52748.6;53803.6
925668389;MELLOM AS;rd;gf;722.5;0.0;0.0;0.0;2890.0;737.0;760.5;778.8;796.7;811.8;828.1;844.6;861.5;878.8;896.3;914.3
925803375;TELEMARK NETT AS;ld;sf;49209.5;25892.0;46799.0;64419.0;59728.0;50193.7;51799.9;53043.1;54263.1;55294.1;56400.0;57528.0;58678.5;59852.1;61049.1;62270.1
925803375;TELEMARK NETT AS;ld;gf;23572.8;14628.0;26930.0;26453.0;26280.0;24044.2;24813.6;25409.1;25993.6;26487.4;27017.2;27557.5;28108.7;28670.9;29244.3;29829.2
925803375;TELEMARK NETT AS;rd;sf;3717.2;-98.0;3951.0;6635.0;4381.0;3791.6;3912.9;4006.8;4099.0;4176.9;4260.4;4345.6;4432.5;4521.2;4611.6;4703.8
925803375;TELEMARK NETT AS;rd;gf;1375.8;0.0;0.0;114.0;5389.0;1403.3;1448.2;1482.9;1517.0;1545.9;1576.8;1608.3;1640.5;1673.3;1706.8;1740.9
926377841;ROMSDALSNETT AS;ld;sf;16314.8;11504.0;15835.0;20507.0;17413.0;16641.0;17173.6;17585.7;17990.2;18332.0;18698.6;19072.6;19454.1;19843.2;20240.0;20644.8
926377841;ROMSDALSNETT AS;ld;gf;4117.5;2668.0;5054.0;4429.0;4319.0;4199.9;4334.2;4438.3;4540.3;4626.6;4719.1;4813.5;4909.8;5008.0;5108.2;5210.3
926377841;ROMSDALSNETT AS;rd;sf;1367.8;465.0;2547.0;771.0;1688.0;1395.1;1439.7;1474.3;1508.2;1536.9;1567.6;1599.0;1630.9;1663.6;1696.8;1730.8
926377841;ROMSDALSNETT AS;rd;gf;0.0;0.0;0.0;0.0;0.0;0.0;0.0;0.0;0.0;0.0;0.0;0.0;0.0;0.0;0.0;0.0
930187240;HYDRO ENERGI AS;ld;sf;531.0;0.0;1213.0;251.0;660.0;541.6;559.0;572.4;585.5;596.7;608.6;620.8;633.2;645.8;658.8;671.9
930187240;HYDRO ENERGI AS;ld;gf;6659.2;0.0;26637.0;0.0;0.0;6792.4;7009.8;7178.0;7343.1;7482.6;7632.3;7784.9;7940.6;8099.5;8261.4;8426.7
930187240;HYDRO ENERGI AS;rd;sf;0.0;0.0;0.0;0.0;0.0;0.0;0.0;0.0;0.0;0.0;0.0;0.0;0.0;0.0;0.0;0.0
930187240;HYDRO ENERGI AS;rd;gf;0.0;0.0;0.0;0.0;0.0;0.0;0.0;0.0;0.0;0.0;0.0;0.0;0.0;0.0;0.0;0.0
933584801;MOSTRAUM NETT AS;ld;sf;731.5;262.0;986.0;660.0;1018.0;746.1;770.0;788.5;806.6;821.9;838.4;855.2;872.3;889.7;907.5;925.6
933584801;MOSTRAUM NETT AS;ld;gf;0.0;0.0;0.0;0.0;0.0;0.0;0.0;0.0;0.0;0.0;0.0;0.0;0.0;0.0;0.0;0.0
933584801;MOSTRAUM NETT AS;rd;sf;0.0;0.0;0.0;0.0;0.0;0.0;0.0;0.0;0.0;0.0;0.0;0.0;0.0;0.0;0.0;0.0
933584801;MOSTRAUM NETT AS;rd;gf;0.0;0.0;0.0;0.0;0.0;0.0;0.0;0.0;0.0;0.0;0.0;0.0;0.0;0.0;0.0;0.0
953181606;BINDAL KRAFTLAG SA;ld;sf;4571.8;2147.0;6832.0;4010.0;5298.0;4663.2;4812.4;4927.9;5041.2;5137.0;5239.8;5344.6;5451.5;5560.5;5671.7;5785.1
953181606;BINDAL KRAFTLAG SA;ld;gf;3440.0;621.0;10465.0;0.0;2674.0;3508.8;3621.1;3708.0;3793.3;3865.3;3942.7;4021.5;4101.9;4184.0;4267.7;4353.0
953181606;BINDAL KRAFTLAG SA;rd;sf;0.0;0.0;0.0;0.0;0.0;0.0;0.0;0.0;0.0;0.0;0.0;0.0;0.0;0.0;0.0;0.0
953181606;BINDAL KRAFTLAG SA;rd;gf;0.0;0.0;0.0;0.0;0.0;0.0;0.0;0.0;0.0;0.0;0.0;0.0;0.0;0.0;0.0;0.0
953681781;GRIUG AS;ld;sf;24777.0;19908.0;19492.0;24195.0;35513.0;25272.5;26081.3;26707.2;27321.5;27840.6;28397.4;28965.3;29544.7;30135.5;30738.3;31353.0
953681781;GRIUG AS;ld;gf;21886.2;19572.0;26064.0;25745.0;16164.0;22324.0;23038.3;23591.3;24133.9;24592.4;25084.3;25585.9;26097.7;26619.6;27152.0;27695.0
953681781;GRIUG AS;rd;sf;0.0;0.0;0.0;0.0;0.0;0.0;0.0;0.0;0.0;0.0;0.0;0.0;0.0;0.0;0.0;0.0
953681781;GRIUG AS;rd;gf;0.0;0.0;0.0;0.0;0.0;0.0;0.0;0.0;0.0;0.0;0.0;0.0;0.0;0.0;0.0;0.0
966731508;EVERKET AS;ld;sf;26999.0;16302.0;40377.0;26637.0;24680.0;27539.0;28420.2;29102.3;29771.7;30337.3;30944.1;31563.0;32194.2;32838.1;33494.9;34164.8
966731508;EVERKET AS;ld;gf;7527.0;7624.0;4892.0;8851.0;8741.0;7677.5;7923.2;8113.4;8300.0;8457.7;8626.8;8799.4;8975.4;9154.9;9338.0;9524.7
966731508;EVERKET AS;rd;sf;0.0;0.0;0.0;0.0;0.0;0.0;0.0;0.0;0.0;0.0;0.0;0.0;0.0;0.0;0.0;0.0
966731508;EVERKET AS;rd;gf;0.0;0.0;0.0;0.0;0.0;0.0;0.0;0.0;0.0;0.0;0.0;0.0;0.0;0.0;0.0;0.0
967670170;UVDAL KRAFTFORSYNING SA;ld;sf;2771.0;2468.0;2790.0;2698.0;3128.0;2826.4;2916.9;2986.9;3055.6;3113.6;3175.9;3239.4;3304.2;3370.3;3437.7;3506.4
967670170;UVDAL KRAFTFORSYNING SA;ld;gf;2475.5;2354.0;2785.0;2237.0;2526.0;2525.0;2605.8;2668.3;2729.7;2781.6;2837.2;2894.0;2951.8;3010.9;3071.1;3132.5
967670170;UVDAL KRAFTFORSYNING SA;rd;sf;0.0;0.0;0.0;0.0;0.0;0.0;0.0;0.0;0.0;0.0;0.0;0.0;0.0;0.0;0.0;0.0
967670170;UVDAL KRAFTFORSYNING SA;rd;gf;0.0;0.0;0.0;0.0;0.0;0.0;0.0;0.0;0.0;0.0;0.0;0.0;0.0;0.0;0.0;0.0
968168134;VESTALL AS;ld;sf;60584.8;33853.0;59231.0;76104.0;73151.0;61796.4;63773.9;65304.5;66806.5;68075.8;69437.3;70826.1;72242.6;73687.5;75161.2;76664.4
968168134;VESTALL AS;ld;gf;15895.0;9973.0;15829.0;31672.0;6106.0;16212.9;16731.7;17133.3;17527.3;17860.4;18217.6;18581.9;18953.6;19332.6;19719.3;20113.7
968168134;VESTALL AS;rd;sf;6403.2;13998.0;6238.0;445.0;4932.0;6531.3;6740.3;6902.1;7060.8;7195.0;7338.9;7485.7;7635.4;7788.1;7943.8;8102.7
968168134;VESTALL AS;rd;gf;0.0;0.0;0.0;0.0;0.0;0.0;0.0;0.0;0.0;0.0;0.0;0.0;0.0;0.0;0.0;0.0
968398083;RAKKESTAD ENERGI AS;ld;sf;14995.5;8774.0;18341.0;18591.0;14276.0;15295.4;15784.9;16163.7;16535.5;16849.6;17186.6;17530.4;17881.0;18238.6;18603.4;18975.4
968398083;RAKKESTAD ENERGI AS;ld;gf;4070.2;3606.0;8068.0;3223.0;1384.0;4151.7;4284.5;4387.3;4488.2;4573.5;4665.0;4758.3;4853.5;4950.5;5049.5;5150.5
968398083;RAKKESTAD ENERGI AS;rd;sf;231.5;40.0;617.0;269.0;0.0;236.1;243.7;249.5;255.3;260.1;265.3;270.6;276.0;281.6;287.2;292.9
968398083;RAKKESTAD ENERGI AS;rd;gf;0.0;0.0;0.0;0.0;0.0;0.0;0.0;0.0;0.0;0.0;0.0;0.0;0.0;0.0;0.0;0.0
971040246;USTEKVEIKJA KRAFTVERK DA;ld;sf;0.0;0.0;0.0;0.0;0.0;0.0;0.0;0.0;0.0;0.0;0.0;0.0;0.0;0.0;0.0;0.0
971040246;USTEKVEIKJA KRAFTVERK DA;ld;gf;0.0;0.0;0.0;0.0;0.0;0.0;0.0;0.0;0.0;0.0;0.0;0.0;0.0;0.0;0.0;0.0
971040246;USTEKVEIKJA KRAFTVERK DA;rd;sf;0.0;0.0;0.0;0.0;0.0;0.0;0.0;0.0;0.0;0.0;0.0;0.0;0.0;0.0;0.0;0.0
971040246;USTEKVEIKJA KRAFTVERK DA;rd;gf;0.0;0.0;0.0;0.0;0.0;0.0;0.0;0.0;0.0;0.0;0.0;0.0;0.0;0.0;0.0;0.0
971058854;BARENTS NETT AS;ld;sf;39912.5;51385.0;15549.0;50743.0;41973.0;40710.8;42013.5;43021.8;44011.3;44847.5;45744.5;46659.4;47592.6;48544.4;49515.3;50505.6
971058854;BARENTS NETT AS;ld;gf;14650.0;14912.0;12234.0;8970.0;22484.0;14943.0;15421.2;15791.3;16154.5;16461.4;16790.6;17126.5;17469.0;17818.4;18174.7;18538.2
971058854;BARENTS NETT AS;rd;sf;27777.2;92940.0;5175.0;-4979.0;17973.0;28332.8;29239.4;29941.2;30629.8;31211.8;31836.0;32472.8;33122.2;33784.7;34460.4;35149.6
971058854;BARENTS NETT AS;rd;gf;2546.8;10187.0;0.0;0.0;0.0;2597.7;2680.8;2745.2;2808.3;2861.6;2918.9;2977.3;3036.8;3097.5;3159.5;3222.7
971589752;FØIE AS;ld;sf;82841.8;67215.0;128093.0;61762.0;74297.0;84498.6;87202.5;89295.4;91349.2;93084.8;94946.5;96845.5;98782.4;100758.0;102773.2;104828.6
971589752;FØIE AS;ld;gf;75495.5;90528.0;81874.0;79424.0;50156.0;77005.4;79469.6;81376.9;83248.5;84830.2;86526.8;88257.4;90022.5;91823.0;93659.4;95532.6
971589752;FØIE AS;rd;sf;13191.8;4688.0;4516.0;40979.0;2584.0;13455.6;13886.2;14219.4;14546.5;14822.9;15119.3;15421.7;15730.1;16044.7;16365.6;16692.9
971589752;FØIE AS;rd;gf;0.0;0.0;0.0;0.0;0.0;0.0;0.0;0.0;0.0;0.0;0.0;0.0;0.0;0.0;0.0;0.0
976894677;HAFSLUND KRAFT AS;ld;sf;0.0;0.0;0.0;0.0;0.0;0.0;0.0;0.0;0.0;0.0;0.0;0.0;0.0;0.0;0.0;0.0
976894677;HAFSLUND KRAFT AS;ld;gf;0.0;0.0;0.0;0.0;0.0;0.0;0.0;0.0;0.0;0.0;0.0;0.0;0.0;0.0;0.0;0.0
976894677;HAFSLUND KRAFT AS;rd;sf;-3399.0;0.0;0.0;-13596.0;0.0;-3467.0;-3577.9;-3663.8;-3748.1;-3819.3;-3895.7;-3973.6;-4053.0;-4134.1;-4216.8;-4301.1
976894677;HAFSLUND KRAFT AS;rd;gf;0.0;0.0;0.0;0.0;0.0;0.0;0.0;0.0;0.0;0.0;0.0;0.0;0.0;0.0;0.0;0.0
976944801;BKK AS;ld;sf;554637.8;488493.0;660542.0;539338.0;530178.0;565730.5;583833.9;597845.9;611596.3;623216.7;635681.0;648394.6;661362.5;674589.8;688081.6;701843.2
976944801;BKK AS;ld;gf;118445.2;149767.0;136243.0;72989.0;114782.0;120814.2;124680.2;127672.5;130609.0;133090.6;135752.4;138467.4;141236.8;144061.5;146942.7;149881.6
976944801;BKK AS;rd;sf;202535.2;150515.0;141071.0;218950.0;299605.0;206586.0;213196.7;218313.4;223334.6;227578.0;232129.6;236772.1;241507.6;246337.7;251264.5;256289.8
976944801;BKK AS;rd;gf;64637.8;186485.0;51613.0;9621.0;10832.0;65930.5;68040.3;69673.2;71275.7;72630.0;74082.6;75564.2;77075.5;78617.0;80189.4;81793.1
977285712;KE NETT AS;ld;sf;13537.0;14221.0;15813.0;8708.0;15406.0;13807.7;14249.6;14591.6;14927.2;15210.8;15515.0;15825.3;16141.8;16464.7;16794.0;17129.8
977285712;KE NETT AS;ld;gf;8606.2;3871.0;8587.0;6464.0;15503.0;8778.4;9059.3;9276.7;9490.1;9670.4;9863.8;10061.1;10262.3;10467.5;10676.9;10890.4
977285712;KE NETT AS;rd;sf;846.0;984.0;680.0;753.0;967.0;862.9;890.5;911.9;932.9;950.6;969.6;989.0;1008.8;1029.0;1049.5;1070.5
977285712;KE NETT AS;rd;gf;0.0;0.0;0.0;0.0;0.0;0.0;0.0;0.0;0.0;0.0;0.0;0.0;0.0;0.0;0.0;0.0
978631029;TENSIO TS AS;ld;sf;313344.2;191989.0;346068.0;346216.0;369104.0;319611.1;329838.7;337754.8;345523.2;352088.1;359129.9;366312.5;373638.7;381111.5;388733.7;396508.4
978631029;TENSIO TS AS;ld;gf;94769.2;77725.0;77612.0;112817.0;110923.0;96664.6;99757.9;102152.1;104501.6;106487.1;108616.9;110789.2;113005.0;115265.1;117570.4;119921.8
978631029;TENSIO TS AS;rd;sf;253761.5;126558.0;118792.0;340953.0;428743.0;258836.7;267119.5;273530.4;279821.6;285138.2;290840.9;296657.8;302590.9;308642.7;314815.6;321111.9
978631029;TENSIO TS AS;rd;gf;38445.5;0.0;27839.0;83644.0;42299.0;39214.4;40469.3;41440.5;42393.7;43199.1;44063.1;44944.4;45843.3;46760.1;47695.3;48649.3
979151950;ARVA AS;ld;sf;318296.2;277154.0;280110.0;359978.0;355943.0;324662.2;335051.4;343092.6;350983.7;357652.4;364805.5;372101.6;379543.6;387134.5;394877.2;402774.7
979151950;ARVA AS;ld;gf;119408.5;137000.0;86857.0;94569.0;159208.0;121796.7;125694.2;128710.8;131671.2;134172.9;136856.4;139593.5;142385.4;145233.1;148137.8;151100.5
979151950;ARVA AS;rd;sf;254339.0;263230.0;388826.0;150871.0;214429.0;259425.8;267727.4;274152.9;280458.4;285787.1;291502.8;297332.9;303279.5;309345.1;315532.0;321842.7
979151950;ARVA AS;rd;gf;27439.0;40112.0;3266.0;14130.0;52248.0;27987.8;28883.4;29576.6;30256.9;30831.7;31448.4;32077.3;32718.9;33373.3;34040.7;34721.5
979379455;ELINETT AS;ld;sf;115976.2;65837.0;172825.0;71064.0;154179.0;118295.8;122081.2;125011.2;127886.4;130316.3;132922.6;135581.1;138292.7;141058.5;143879.7;146757.3
979379455;ELINETT AS;ld;gf;33617.8;27569.0;42606.0;18639.0;45657.0;34290.1;35387.4;36236.7;37070.1;37774.5;38530.0;39300.6;40086.6;40888.3;41706.1;42540.2
979379455;ELINETT AS;rd;sf;22877.5;12347.0;44657.0;28956.0;5550.0;23335.0;24081.8;24659.7;25226.9;25706.2;26220.3;26744.8;27279.6;27825.2;28381.7;28949.4
979379455;ELINETT AS;rd;gf;9342.0;2611.0;30012.0;4745.0;0.0;9528.8;9833.8;10069.8;10301.4;10497.1;10707.0;10921.2;11139.6;11362.4;11589.7;11821.4
979399901;VESTMAR NETT AS;ld;sf;19180.0;22154.0;20271.0;14954.0;19341.0;19563.6;20189.6;20674.2;21149.7;21551.5;21982.6;22422.2;22870.7;23328.1;23794.6;24270.5
979399901;VESTMAR NETT AS;ld;gf;6595.2;7528.0;4982.0;9777.0;4094.0;6727.2;6942.4;7109.0;7272.6;7410.7;7558.9;7710.1;7864.3;8021.6;8182.0;8345.7
979399901;VESTMAR NETT AS;rd;sf;4310.2;809.0;541.0;12290.0;3601.0;4396.5;4537.1;4646.0;4752.9;4843.2;4940.1;5038.9;5139.6;5242.4;5347.3;5454.2
979399901;VESTMAR NETT AS;rd;gf;0.0;0.0;0.0;0.0;0.0;0.0;0.0;0.0;0.0;0.0;0.0;0.0;0.0;0.0;0.0;0.0
979422679;LEDE AS;ld;sf;391194.2;389155.0;383562.0;461329.0;330731.0;399018.1;411786.7;421669.6;431368.0;439564.0;448355.3;457322.4;466468.8;475798.2;485314.2;495020.4
979422679;LEDE AS;ld;gf;80124.8;63113.0;70586.0;113851.0;72949.0;81727.2;84342.5;86366.7;88353.2;90031.9;91832.5;93669.2;95542.6;97453.4;99402.5;101390.5
979422679;LEDE AS;rd;sf;232254.2;123815.0;217267.0;289682.0;298253.0;236899.3;244480.1;250347.6;256105.6;260971.6;266191.1;271514.9;276945.2;282484.1;288133.8;293896.5
979422679;LEDE AS;rd;gf;32309.2;2609.0;0.0;0.0;126628.0;32955.4;34010.0;34826.2;35627.3;36304.2;37030.3;37770.9;38526.3;39296.8;40082.7;40884.4
979497482;ELVENETT AS;ld;sf;12476.8;12443.0;8965.0;17110.0;11389.0;12726.3;13133.5;13448.7;13758.1;14019.5;14299.8;14585.8;14877.6;15175.1;15478.6;15788.2
979497482;ELVENETT AS;ld;gf;5438.5;4955.0;5337.0;5447.0;6015.0;5547.3;5724.8;5862.2;5997.0;6111.0;6233.2;6357.8;6485.0;6614.7;6747.0;6881.9
979497482;ELVENETT AS;rd;sf;0.0;0.0;0.0;0.0;0.0;0.0;0.0;0.0;0.0;0.0;0.0;0.0;0.0;0.0;0.0;0.0
979497482;ELVENETT AS;rd;gf;0.0;0.0;0.0;0.0;0.0;0.0;0.0;0.0;0.0;0.0;0.0;0.0;0.0;0.0;0.0;0.0
980038408;LNETT AS;ld;sf;350165.8;281911.0;422352.0;346296.0;350104.0;357169.1;368598.5;377444.8;386126.1;393462.5;401331.7;409358.3;417545.5;425896.4;434414.4;443102.6
980038408;LNETT AS;ld;gf;73853.8;88592.0;63256.0;60450.0;83117.0;75330.8;77741.4;79607.2;81438.2;82985.5;84645.2;86338.1;88064.9;89826.2;91622.7;93455.1
980038408;LNETT AS;rd;sf;491907.8;246344.0;213054.0;881302.0;626931.0;501745.9;517801.8;530229.0;542424.3;552730.3;563785.0;575060.7;586561.9;598293.1;610259.0;622464.1
980038408;LNETT AS;rd;gf;25068.8;492.0;0.0;3143.0;96640.0;25570.1;26388.4;27021.7;27643.2;28168.4;28731.8;29306.4;29892.5;30490.4;31100.2;31722.2
980234088;NORGESNETT AS;ld;sf;112223.8;112811.0;90637.0;126589.0;118858.0;114468.2;118131.2;120966.4;123748.6;126099.8;128621.8;131194.2;133818.1;136494.5;139224.4;142008.9
980234088;NORGESNETT AS;ld;gf;62796.0;84056.0;89657.0;59886.0;17585.0;64051.9;66101.6;67688.0;69244.8;70560.5;71971.7;73411.1;74879.4;76376.9;77904.5;79462.6
980234088;NORGESNETT AS;rd;sf;31166.0;5005.0;63352.0;34981.0;21326.0;31789.3;32806.6;33593.9;34366.6;35019.6;35720.0;36434.4;37163.0;37906.3;38664.4;39437.7
980234088;NORGESNETT AS;rd;gf;10745.2;7979.0;983.0;34019.0;0.0;10960.2;11310.9;11582.3;11848.7;12073.9;12315.3;12561.6;12812.9;13069.1;13330.5;13597.1
980489698;ELVIA AS;ld;sf;1239373.0;1144690.0;1335191.0;1277065.0;1200546.0;1264160.5;1304613.6;1335924.3;1366650.6;1392616.9;1420469.3;1448878.7;1477856.2;1507413.4;1537561.6;1568312.9
980489698;ELVIA AS;ld;gf;318428.0;356510.0;312237.0;307410.0;297555.0;324796.6;335190.0;343234.6;351129.0;357800.5;364956.5;372255.6;379700.7;387294.7;395040.6;402941.4
980489698;ELVIA AS;rd;sf;665216.8;523221.0;525434.0;728071.0;884141.0;678521.1;700233.8;717039.4;733531.3;747468.4;762417.7;777666.1;793219.4;809083.8;825265.5;841770.8
980489698;ELVIA AS;rd;gf;5955.2;723.0;3052.0;16023.0;4023.0;6074.4;6268.7;6419.2;6566.8;6691.6;6825.4;6961.9;7101.2;7243.2;7388.1;7535.8
980824586;NORDVEST NETT AS;ld;sf;43920.8;21235.0;30615.0;84036.0;39797.0;44799.2;46232.7;47342.3;48431.2;49351.4;50338.4;51345.2;52372.1;53419.5;54487.9;55577.7
980824586;NORDVEST NETT AS;ld;gf;16107.5;42431.0;13091.0;3431.0;5477.0;16429.7;16955.4;17362.3;17761.7;18099.1;18461.1;18830.3;19206.9;19591.1;19982.9;20382.6
980824586;NORDVEST NETT AS;rd;sf;0.0;0.0;0.0;0.0;0.0;0.0;0.0;0.0;0.0;0.0;0.0;0.0;0.0;0.0;0.0;0.0
980824586;NORDVEST NETT AS;rd;gf;0.0;0.0;0.0;0.0;0.0;0.0;0.0;0.0;0.0;0.0;0.0;0.0;0.0;0.0;0.0;0.0
982897327;LUCERNA AS;ld;sf;11955.5;5458.0;3153.0;30183.0;9028.0;12194.6;12584.8;12886.9;13183.3;13433.8;13702.4;13976.5;14256.0;14541.1;14831.9;15128.6
982897327;LUCERNA AS;ld;gf;6368.2;4311.0;2495.0;16560.0;2107.0;6495.6;6703.5;6864.4;7022.2;7155.7;7298.8;7444.7;7593.6;7745.5;7900.4;8058.4
982897327;LUCERNA AS;rd;sf;1668.2;448.0;180.0;5064.0;981.0;1701.6;1756.1;1798.2;1839.6;1874.5;1912.0;1950.3;1989.3;2029.0;2069.6;2111.0
982897327;LUCERNA AS;rd;gf;13.8;0.0;0.0;55.0;0.0;14.0;14.5;14.8;15.2;15.5;15.8;16.1;16.4;16.7;17.1;17.4
982974011;GLITRE NETT AS;ld;sf;540665.2;493293.0;476740.0;449652.0;742976.0;551478.6;569125.9;582784.9;596188.9;607516.5;619666.9;632060.2;644701.4;657595.4;670747.3;684162.3
982974011;GLITRE NETT AS;ld;gf;217584.8;222528.0;221779.0;201689.0;224343.0;221936.4;229038.4;234535.3;239929.6;244488.3;249378.1;254365.6;259452.9;264642.0;269934.8;275333.5
982974011;GLITRE NETT AS;rd;sf;299022.2;348418.0;443768.0;222073.0;181830.0;305002.7;314762.8;322317.1;329730.4;335995.3;342715.2;349569.5;356560.9;363692.1;370965.9;378385.2
982974011;GLITRE NETT AS;rd;gf;20688.8;11563.0;40087.0;14690.0;16415.0;21102.5;21777.8;22300.5;22813.4;23246.8;23711.8;24186.0;24669.7;25163.1;25666.4;26179.7
985411131;NORANETT AS;ld;sf;86642.8;99556.0;98814.0;86889.0;61312.0;88375.6;91203.6;93392.5;95540.5;97355.8;99302.9;101289.0;103314.8;105381.1;107488.7;109638.5
985411131;NORANETT AS;ld;gf;31025.5;10664.0;0.0;70340.0;43098.0;31646.0;32658.7;33442.5;34211.7;34861.7;35558.9;36270.1;36995.5;37735.4;38490.1;39259.9
985411131;NORANETT AS;rd;sf;15057.0;53883.0;-16330.0;22035.0;640.0;15358.1;15849.6;16230.0;16603.3;16918.7;17257.1;17602.3;17954.3;18313.4;18679.7;19053.3
985411131;NORANETT AS;rd;gf;8579.0;0.0;0.0;34316.0;0.0;8750.6;9030.6;9247.3;9460.0;9639.8;9832.6;10029.2;10229.8;10434.4;10643.1;10855.9
986347801;ELMEA AS;ld;sf;108110.5;107307.0;72016.0;117210.0;135909.0;110272.7;113801.4;116532.7;119212.9;121478.0;123907.5;126385.7;128913.4;131491.7;134121.5;136803.9
986347801;ELMEA AS;ld;gf;16414.8;9728.0;10090.0;32546.0;13295.0;16743.0;17278.8;17693.5;18100.5;18444.4;18813.3;19189.5;19573.3;19964.8;20364.1;20771.4
986347801;ELMEA AS;rd;sf;24895.5;61480.0;7556.0;3634.0;26912.0;25393.4;26206.0;26834.9;27452.1;27973.7;28533.2;29103.9;29686.0;30279.7;30885.3;31503.0
986347801;ELMEA AS;rd;gf;26.2;0.0;105.0;0.0;0.0;26.8;27.6;28.3;28.9;29.5;30.1;30.7;31.3;31.9;32.6;33.2
987059729;STATKRAFT ENERGI AS;ld;sf;0.0;0.0;0.0;0.0;0.0;0.0;0.0;0.0;0.0;0.0;0.0;0.0;0.0;0.0;0.0;0.0
987059729;STATKRAFT ENERGI AS;ld;gf;0.0;0.0;0.0;0.0;0.0;0.0;0.0;0.0;0.0;0.0;0.0;0.0;0.0;0.0;0.0;0.0
987059729;STATKRAFT ENERGI AS;rd;sf;0.0;0.0;0.0;0.0;0.0;0.0;0.0;0.0;0.0;0.0;0.0;0.0;0.0;0.0;0.0;0.0
987059729;STATKRAFT ENERGI AS;rd;gf;0.0;0.0;0.0;0.0;0.0;0.0;0.0;0.0;0.0;0.0;0.0;0.0;0.0;0.0;0.0;0.0
988807648;TENSIO TN AS;ld;sf;149856.0;175164.0;113685.0;151260.0;159315.0;152853.1;157744.4;161530.3;165245.5;168385.1;171752.8;175187.9;178691.7;182265.5;185910.8;189629.0
988807648;TENSIO TN AS;ld;gf;77301.0;85772.0;79088.0;85918.0;58426.0;78847.0;81370.1;83323.0;85239.4;86859.0;88596.2;90368.1;92175.5;94019.0;95899.3;97817.3
988807648;TENSIO TN AS;rd;sf;134482.0;135803.0;158511.0;102245.0;141369.0;137171.6;141561.1;144958.6;148292.6;151110.2;154132.4;157215.1;160359.4;163566.5;166837.9;170174.6
988807648;TENSIO TN AS;rd;gf;4511.0;5390.0;10559.0;2095.0;0.0;4601.2;4748.5;4862.4;4974.3;5068.8;5170.1;5273.5;5379.0;5486.6;5596.3;5708.3
997712099;SØR AURDAL ENERGI AS;ld;sf;9391.5;16297.0;13009.0;8259.0;1.0;9579.3;9885.9;10123.1;10356.0;10552.7;10763.8;10979.1;11198.6;11422.6;11651.1;11884.1
997712099;SØR AURDAL ENERGI AS;ld;gf;3386.2;1972.0;9982.0;531.0;1060.0;3454.0;3564.5;3650.1;3734.0;3804.9;3881.0;3958.7;4037.8;4118.6;4201.0;4285.0
997712099;SØR AURDAL ENERGI AS;rd;sf;0.0;0.0;0.0;0.0;0.0;0.0;0.0;0.0;0.0;0.0;0.0;0.0;0.0;0.0;0.0;0.0
997712099;SØR AURDAL ENERGI AS;rd;gf;0.0;0.0;0.0;0.0;0.0;0.0;0.0;0.0;0.0;0.0;0.0;0.0;0.0;0.0;0.0;0.0
998509289;HERØYA NETT AS;ld;sf;9194.5;7711.0;0.0;24930.0;4137.0;9378.4;9678.5;9910.8;10138.7;10331.4;10538.0;10748.8;10963.7;11183.0;11406.7;11634.8
998509289;HERØYA NETT AS;ld;gf;12220.8;1556.0;1444.0;36726.0;9157.0;12465.2;12864.1;13172.8;13475.8;13731.8;14006.4;14286.6;14572.3;14863.7;15161.0;15464.2
998509289;HERØYA NETT AS;rd;sf;23789.8;25892.0;27461.0;25466.0;16340.0;24265.5;25042.0;25643.1;26232.8;26731.3;27265.9;27811.2;28367.4;28934.8;29513.5;30103.7
998509289;HERØYA NETT AS;rd;gf;0.0;0.0;0.0;0.0;0.0;0.0;0.0;0.0;0.0;0.0;0.0;0.0;0.0;0.0;0.0;0.0
